[
  {
    "platform":"spotify",
    "id":"6gr7Wcb6w0DxDhEpzOp6Ct",
    "title":"Lying Together",
    "artist":"FKJ",
    "artistLink":"https://open.spotify.com/artist/2FwDTncULUnmANIh7qKa5z",
    "album":"Lying Together",
    "albumLink":"https://open.spotify.com/album/3e49AjYl1iYeOvAAC3GgKo",
    "duration":"271"
  },
  {
    "platform":"spotify",
    "id":"0lnfcWRREvnGtXPP2ZDeq7",
    "title":"Que Sera",
    "artist":"Wax Tailor",
    "artistLink":"https://open.spotify.com/artist/3qwxSif06Qwzykdln8ZGfG",
    "album":"Tales of the Forgotten Melodies",
    "albumLink":"https://open.spotify.com/album/1sWIbvCurzF7ZVFYWjLGQO",
    "duration":"164"
  },
  {
    "platform":"spotify",
    "id":"29MvtOnoAULKQfEKAPCbja",
    "title":"Southern Man",
    "artist":"Akshin Alizadeh",
    "artistLink":"https://open.spotify.com/artist/6eBIpic8O1RW435sVsjYfy",
    "album":"Street Bangerz Volume 8",
    "albumLink":"https://open.spotify.com/album/5KdKwVnwqDBduNNwOcLcKj",
    "duration":"237"
  },
  {
    "platform":"spotify",
    "id":"46LwAOzg3UYvxiXyyaFedz",
    "title":"Breathe",
    "artist":"Télépopmusik",
    "artistLink":"https://open.spotify.com/artist/3aKCo8gLJfuPYtr88aWKjF",
    "album":"genetic world",
    "albumLink":"https://open.spotify.com/album/401DhjeJg1yVIfBN2A55JY",
    "duration":"296"
  },
  {
    "platform":"spotify",
    "id":"2aFCXdFtYxGlNEvgXRbctK",
    "title":"Words Remain",
    "artist":"Moderator",
    "artistLink":"https://open.spotify.com/artist/6fynenqBn7lrlAgVCw5YnB",
    "album":"The World Within",
    "albumLink":"https://open.spotify.com/album/17gN0MsG9WxvEfRNHeKm8F",
    "duration":"207"
  },
  {
    "platform":"spotify",
    "id":"7eN0Sdh3AE1VKKLSsFwKBh",
    "title":"Want It Back (feat. Patrice & The Studio School Voices NYC)",
    "artist":"Guts, The School Voices NYC, Patrice",
    "artistLink":"https://open.spotify.com/artist/5mMkUZv8uUrlH0SHX89BeS",
    "album":"Hip Hop After All",
    "albumLink":"https://open.spotify.com/album/0w7sDS0APyRmH0HBPtiE8E",
    "duration":"212"
  },
  {
    "platform":"spotify",
    "id":"2UKYMN7VnsQo40n0qCt6Sa",
    "title":"Porcelain",
    "artist":"Moby",
    "artistLink":"https://open.spotify.com/artist/3OsRAKCvk37zwYcnzRf5XF",
    "album":"Play & Play: B Sides",
    "albumLink":"https://open.spotify.com/album/3wRlU7n3LULfjL0e9RtB5Q",
    "duration":"241"
  },
  {
    "platform":"spotify",
    "id":"5epszgVX6xIOgNdGOQbTmg",
    "title":"Chinese Puzzle - Générique de fin",
    "artist":"Kraked Unit",
    "artistLink":"https://open.spotify.com/artist/0opLaXLw5xoaHdpss1Xyny",
    "album":"Casse Tête Chinois (Bande originale du film de Cédric Klapisch)",
    "albumLink":"https://open.spotify.com/album/0hhIrBVIL2HcUmRrSjVlUS",
    "duration":"221"
  },
  {
    "platform":"spotify",
    "id":"4ox2odCf0XL0g6692URWwe",
    "title":"But I Do",
    "artist":"Poldoore",
    "artistLink":"https://open.spotify.com/artist/3ph6BKBPsjP7Vhtd1IXhkc",
    "album":"Street Bangerz Volume 6: Playhouse",
    "albumLink":"https://open.spotify.com/album/0BHnSZAC8IfThmwlPcQQMz",
    "duration":"240"
  },
  {
    "platform":"spotify",
    "id":"7jKp4Yl1p89ByCMOjh2fHR",
    "title":"Peace and tranquility to earth",
    "artist":"Roudoudou",
    "artistLink":"https://open.spotify.com/artist/6YTtkGLYyAHNUGD8PVL6SL",
    "album":"listener's digest",
    "albumLink":"https://open.spotify.com/album/6VsiGQn3S3dgape5u4dZhB",
    "duration":"254"
  },
  {
    "platform":"spotify",
    "id":"5Nn2Dj7OQsGL6pgQ9iIzPp",
    "title":"Ghostwriter",
    "artist":"RJD2",
    "artistLink":"https://open.spotify.com/artist/1O3ZOjqFLEnbpZexcRjocn",
    "album":"Deadringer: Deluxe",
    "albumLink":"https://open.spotify.com/album/7DmNwRBDJRUEFUlk3oa2Aj",
    "duration":"318"
  },
  {
    "platform":"spotify",
    "id":"5u2chFalnZgdgN8K3YKxI0",
    "title":"Yeah Yeah Yeah",
    "artist":"Kognitif",
    "artistLink":"https://open.spotify.com/artist/6Jv6uJdhLc9R50kSy6RbLz",
    "album":"Soul Food",
    "albumLink":"https://open.spotify.com/album/6grLCGzVBkmrdvYmnLxOwv",
    "duration":"248"
  },
  {
    "platform":"spotify",
    "id":"49BgdeY01jr63KF3cEttCe",
    "title":"Say It",
    "artist":"The Geek x Vrv",
    "artistLink":"https://open.spotify.com/artist/4JhjlqgMbd4RlrT81VoTIF",
    "album":"Say It",
    "albumLink":"https://open.spotify.com/album/1jfsFps55xV3G7VZiGUHU2",
    "duration":"207"
  },
  {
    "platform":"spotify",
    "id":"3IWpnVYCSypdHFTLxk8MVM",
    "title":"Snow Fire (fg. I)",
    "artist":"AllttA, 20syl, Mr. J. Medeiros",
    "artistLink":"https://open.spotify.com/artist/1si6mnxJ6IpTOTW13ECa0o",
    "album":"Snow Fire (fg. I)",
    "albumLink":"https://open.spotify.com/album/6KDcjmCvKEIZXhzNK9v9j3",
    "duration":"264"
  },
  {
    "platform":"spotify",
    "id":"3MDkws8QGzLrMrWVAbzoXO",
    "title":"Every Time",
    "artist":"Boogie Belgique",
    "artistLink":"https://open.spotify.com/artist/4TIrC99WSg0tOtBCGDjMRY",
    "album":"Volta",
    "albumLink":"https://open.spotify.com/album/6xFQdyHr6fQrLOmtRHv1Nb",
    "duration":"242"
  },
  {
    "platform":"spotify",
    "id":"2MXF16lswqJGnW57jhkqBR",
    "title":"Dusk to Dawn",
    "artist":"Emancipator",
    "artistLink":"https://open.spotify.com/artist/6HCnsY0Rxi3cg53xreoAIm",
    "album":"Dusk to Dawn",
    "albumLink":"https://open.spotify.com/album/6RTzC0rDbvagTSJLlY7AKl",
    "duration":"326"
  },
  {
    "platform":"spotify",
    "id":"2ycxKZ0HvoSPDbMWHvqztk",
    "title":"Memento",
    "artist":"Omega One",
    "artistLink":"https://open.spotify.com/artist/7gIb88l5X9GpnsKANWuiMH",
    "album":"The Lo-Fi Chronicles",
    "albumLink":"https://open.spotify.com/album/04iAjm4THjvMXOshSfRpPA",
    "duration":"230"
  },
  {
    "platform":"spotify",
    "id":"1msXkHv84LKikJGKcfdGBu",
    "title":"Sure Thing",
    "artist":"St Germain",
    "artistLink":"https://open.spotify.com/artist/484sZUYmnRXN84zmk3GY1n",
    "album":"Tourist [Remastered] (Remastered Version)",
    "albumLink":"https://open.spotify.com/album/0YqCvOMhp8enM01an9Nntj",
    "duration":"380"
  },
  {
    "platform":"spotify",
    "id":"56dDYNRFamq1N6AvaZB0bz",
    "title":"Yep (DJ Greem Remix)",
    "artist":"Antiloops",
    "artistLink":"https://open.spotify.com/artist/7xpNzqZV8QdDRSNA53fUAb",
    "album":"Electroshock Remixed",
    "albumLink":"https://open.spotify.com/album/5iDoc5L8QUztg8kxDUINGb",
    "duration":"240"
  },
  {
    "platform":"spotify",
    "id":"24ylIO48nRsdaONlM8l2HF",
    "title":"Time Is the Enemy",
    "artist":"Quantic",
    "artistLink":"https://open.spotify.com/artist/5ZMwoAjeDtLJ0XRwRTgaK8",
    "album":"The 5th Exotic",
    "albumLink":"https://open.spotify.com/album/2tMQ2DeB9RydEFl1gcRkHb",
    "duration":"220"
  },
  {
    "platform":"spotify",
    "id":"3mgRwzfkoOQROm3ksVpypG",
    "title":"Limbo",
    "artist":"GlobulDub",
    "artistLink":"https://open.spotify.com/artist/5gigjnekB1RsPwKKitalWD",
    "album":"Hip Hop Symposium (Full Compilation)",
    "albumLink":"https://open.spotify.com/album/1EOH2XDgfavkFltfZkX2TW",
    "duration":"216"
  },
  {
    "platform":"spotify",
    "id":"2oFIBSwhuifFB3OLA0ft0Q",
    "title":"Soul Below",
    "artist":"Ljones",
    "artistLink":"https://open.spotify.com/artist/0IsYDDLNbwwyLbkl2kzdF3",
    "album":"Soul Below",
    "albumLink":"https://open.spotify.com/album/4XBPVDluRNPX7A7yaC1yYs",
    "duration":"195"
  },
  {
    "platform":"spotify",
    "id":"6DsGpDGIDRv8EFGgW10T1p",
    "title":"Nevergreen",
    "artist":"Emancipator",
    "artistLink":"https://open.spotify.com/artist/6HCnsY0Rxi3cg53xreoAIm",
    "album":"Safe In the Steep Cliffs",
    "albumLink":"https://open.spotify.com/album/1KHKPYKo4h8btHa8u3wjEB",
    "duration":"216"
  },
  {
    "platform":"spotify",
    "id":"1B5fbRxnB26duk77yCBWvS",
    "title":"Go Back Home",
    "artist":"FKJ",
    "artistLink":"https://open.spotify.com/artist/2FwDTncULUnmANIh7qKa5z",
    "album":"Go Back Home",
    "albumLink":"https://open.spotify.com/album/6wY7lwUMKCKoWgybrYFxGu",
    "duration":"235"
  },
  {
    "platform":"spotify",
    "id":"6jWFsJT5IYVKCJEQ55L29W",
    "title":"All or Nothing (feat. Tanya Morgan & Lorine Chia)",
    "artist":"Guts, Lorine Chia, Tanya Morgan",
    "artistLink":"https://open.spotify.com/artist/5mMkUZv8uUrlH0SHX89BeS",
    "album":"Eternal",
    "albumLink":"https://open.spotify.com/album/59JNcEwaQUyC2xQzBJTHF9",
    "duration":"227"
  },
  {
    "platform":"spotify",
    "id":"6KhjydP6zMxCrAlK4RWfwO",
    "title":"What's Your Place ft. Ptates",
    "artist":"Roger Molls",
    "artistLink":"https://open.spotify.com/artist/2e8lWdeklPbzo7zTn6Mka1",
    "album":"Metamorphosis Of Muses",
    "albumLink":"https://open.spotify.com/album/1KLoxgcOfMnZ5GuKxia71n",
    "duration":"162"
  },
  {
    "platform":"spotify",
    "id":"397Fgk4f6ULuDgVkwSNeAH",
    "title":"Woman",
    "artist":"Akshin Alizadeh",
    "artistLink":"https://open.spotify.com/artist/6eBIpic8O1RW435sVsjYfy",
    "album":"But I Do / Woman",
    "albumLink":"https://open.spotify.com/album/70s7nzdFcztvr8d7Z53Eln",
    "duration":"208"
  },
  {
    "platform":"spotify",
    "id":"52VzhpS5lmcrULu2Bn8PnX",
    "title":"Brooklyn Streets",
    "artist":"Sixfingerz",
    "artistLink":"https://open.spotify.com/artist/3LAvXwhlQccG7ztT1NgVUO",
    "album":"Street Bangerz Volume 9",
    "albumLink":"https://open.spotify.com/album/4nTV9Gb7VwYMAgKZySE20x",
    "duration":"148"
  },
  {
    "platform":"spotify",
    "id":"2rLwz4Eihs3PXhx7e4qhcN",
    "title":"Funk for Food",
    "artist":"Moderator",
    "artistLink":"https://open.spotify.com/artist/6fynenqBn7lrlAgVCw5YnB",
    "album":"Funk for Food",
    "albumLink":"https://open.spotify.com/album/1qBIwBv13XdiXfnU07Fsw9",
    "duration":"115"
  },
  {
    "platform":"spotify",
    "id":"2o2KHNSVo9VNwMTZkKqHMb",
    "title":"Peace of What",
    "artist":"RJD2, Jordan Brown",
    "artistLink":"https://open.spotify.com/artist/1O3ZOjqFLEnbpZexcRjocn",
    "album":"Dame Fortune",
    "albumLink":"https://open.spotify.com/album/298x29sNXaH7yDgXLoKiQX",
    "duration":"209"
  },
  {
    "platform":"spotify",
    "id":"6ucSvvgtszol5tNVJtKane",
    "title":"Rainy Sunday",
    "artist":"Henyao",
    "artistLink":"https://open.spotify.com/artist/6cGhntyNrV6p2Dma040Erk",
    "album":"Coffee And Unicorns",
    "albumLink":"https://open.spotify.com/album/3jQLrnV4sWEvcAFm4tdlcZ",
    "duration":"148"
  },
  {
    "platform":"spotify",
    "id":"3AuSogI89rld1KqfUpL3Np",
    "title":"Kerala",
    "artist":"Bonobo",
    "artistLink":"https://open.spotify.com/artist/0cmWgDlu9CwTgxPhf403hb",
    "album":"Kerala",
    "albumLink":"https://open.spotify.com/album/23j5anOx7fWQkppFSHibzm",
    "duration":"238"
  },
  {
    "platform":"spotify",
    "id":"4IUgpL0CgSiloUOHzgd6Qe",
    "title":"Start Shootin'",
    "artist":"Little People",
    "artistLink":"https://open.spotify.com/artist/3cbU0WxlZJTFLTfXEUB433",
    "album":"Mickey Mouse Operation",
    "albumLink":"https://open.spotify.com/album/2ULdmAtiIIn5xok5YCVGpk",
    "duration":"217"
  },
  {
    "platform":"spotify",
    "id":"0w4cAGIHjWLypKaMFm6xL2",
    "title":"Tôzen",
    "artist":"Gyvus",
    "artistLink":"https://open.spotify.com/artist/6qNRi3Mn9apPNnMSt6Qbvn",
    "album":"Tôzen",
    "albumLink":"https://open.spotify.com/album/5NvRDbnWpvGiUt0JlFtK8j",
    "duration":"171"
  },
  {
    "platform":"spotify",
    "id":"3okj5Ww1BYh7k5VsBFXUw3",
    "title":"Fry Day",
    "artist":"Freckle & Pete",
    "artistLink":"https://open.spotify.com/artist/63NEeSfDLOqSJB1detrXx3",
    "album":"Fry Day",
    "albumLink":"https://open.spotify.com/album/4MwwELQPwTdgaoz0YfiJoR",
    "duration":"218"
  },
  {
    "platform":"spotify",
    "id":"1IksaRdqvnduRQqNRMdZTn",
    "title":"The Hype",
    "artist":"Cookie Jar",
    "artistLink":"https://open.spotify.com/artist/3pMW594atvqTgp3Uj1IpGF",
    "album":"The Hype",
    "albumLink":"https://open.spotify.com/album/2dmelaRBBhf0RoL2iZIz4M",
    "duration":"158"
  },
  {
    "platform":"spotify",
    "id":"4kebaMUJlFbzPacKwcAGLZ",
    "title":"Cherry Pie Jam",
    "artist":"Hollow Clouds",
    "artistLink":"https://open.spotify.com/artist/6j46UIFeyGBhixGhFvxdrh",
    "album":"Cherry Pie Jam",
    "albumLink":"https://open.spotify.com/album/50T1ZXJe0cQlOxOGpqWCBl",
    "duration":"217"
  },
  {
    "platform":"spotify",
    "id":"1w1CtbbwUZCVVOC5fQTJhU",
    "title":"Gold",
    "artist":"Hugo Kant, Astrid Engberg",
    "artistLink":"https://open.spotify.com/artist/2jvKLLBED6JvKWtT8y3kCu",
    "album":"The Point of No Return",
    "albumLink":"https://open.spotify.com/album/2isxNMBkNYPiOjDA5KOCzG",
    "duration":"274"
  },
  {
    "platform":"spotify",
    "id":"4DicdCZ3vgY8fOzCiuQ657",
    "title":"Just for a Day - Sunday",
    "artist":"TM Juke",
    "artistLink":"https://open.spotify.com/artist/4awnjjqiUnSBA4ucPVbF8R",
    "album":"Maps from the Wilderness",
    "albumLink":"https://open.spotify.com/album/7sdJYxemYdWUNldKeFJcKI",
    "duration":"273"
  },
  {
    "platform":"spotify",
    "id":"3ZB4h7rWKKIMC06EzFiuE9",
    "title":"Shoulder Kiss",
    "artist":"Freddie Joachim",
    "artistLink":"https://open.spotify.com/artist/0GgkfnO3Bu2CFn65ZH31TF",
    "album":"Study Guide",
    "albumLink":"https://open.spotify.com/album/46LudqPGBEIX9l8FlVqe9x",
    "duration":"156"
  },
  {
    "platform":"spotify",
    "id":"0pg2VKzTsBdbxPzcOkReY2",
    "title":"A grand love theme",
    "artist":"Kid Loco",
    "artistLink":"https://open.spotify.com/artist/1ViF5mdcW7pEn7md71YjOL",
    "album":"A Grand Love Story",
    "albumLink":"https://open.spotify.com/album/6R1VyRo1cFv2JDC1diCkPS",
    "duration":"243"
  },
  {
    "platform":"spotify",
    "id":"7qzuwMS8wVfmoC8430eilc",
    "title":"La Cienega",
    "artist":"Mad Chronic",
    "artistLink":"https://open.spotify.com/artist/6EZ4ixvQRudMRAcxGGH3Dt",
    "album":"La Cienega",
    "albumLink":"https://open.spotify.com/album/5HBeiFVPMLF3almA7kI6MS",
    "duration":"119"
  },
  {
    "platform":"spotify",
    "id":"3au9gDDso4imJhWbJAS5Fp",
    "title":"Hainan Paradise",
    "artist":"SINY",
    "artistLink":"https://open.spotify.com/artist/6d1bmKQyB8OJWCOJJPCkVT",
    "album":"Mitsuwa",
    "albumLink":"https://open.spotify.com/album/02OQlC7v4VlNAB8eJK2R4N",
    "duration":"126"
  },
  {
    "platform":"spotify",
    "id":"54ah8liCv9mF0VLrvisQeI",
    "title":"A Beautiful Eve",
    "artist":"Poldoore",
    "artistLink":"https://open.spotify.com/artist/3ph6BKBPsjP7Vhtd1IXhkc",
    "album":"The Day After",
    "albumLink":"https://open.spotify.com/album/2TB0dVyAIenZAbADN8PWcL",
    "duration":"258"
  },
  {
    "platform":"spotify",
    "id":"7iYlacahYFEKx8cpRNC2Tx",
    "title":"The Bulldog",
    "artist":"Lil Skate",
    "artistLink":"https://open.spotify.com/artist/3nrcM9gaRDpXvGYBxuhxl6",
    "album":"The Bulldog",
    "albumLink":"https://open.spotify.com/album/3HIV2UOXcao1UrJKAEgAcb",
    "duration":"184"
  },
  {
    "platform":"spotify",
    "id":"2PaFzDcgVZIHqN8XvV4azQ",
    "title":"Ekans",
    "artist":"Molife",
    "artistLink":"https://open.spotify.com/artist/5evuJYN1sgxxSQWs9mw1e3",
    "album":"KEEN: Soft Beats Vol. 1",
    "albumLink":"https://open.spotify.com/album/3VgJOpq6wEKsHtn2zb7LKi",
    "duration":"140"
  },
  {
    "platform":"spotify",
    "id":"2ygAdR5sXq1VpATied1LDw",
    "title":"Urban Stories",
    "artist":"Chill Cole",
    "artistLink":"https://open.spotify.com/artist/1Ns2CQv733eYFITrIHvW6Z",
    "album":"KEEN: Soft Beats Vol. 1",
    "albumLink":"https://open.spotify.com/album/3VgJOpq6wEKsHtn2zb7LKi",
    "duration":"302"
  },
  {
    "platform":"spotify",
    "id":"4twM58pul3XxJofwirAsJd",
    "title":"The Journey - Lost Mix",
    "artist":"Chinese Man",
    "artistLink":"https://open.spotify.com/artist/6vgw0jwJkUnW2NR1rzsQU3",
    "album":"The Journey",
    "albumLink":"https://open.spotify.com/album/3dquQCPiYO3q7zlMl36EuB",
    "duration":"196"
  },
  {
    "platform":"spotify",
    "id":"5KBh3fUwv6xrDFO6wZzmFI",
    "title":"Zimzilla",
    "artist":"Mad Q",
    "artistLink":"https://open.spotify.com/artist/7IxHBmCE0jN2vhoLKQSZR6",
    "album":"Zimzilla",
    "albumLink":"https://open.spotify.com/album/5LVHMBwC8BMucytnEejcTj",
    "duration":"209"
  },
  {
    "platform":"spotify",
    "id":"3i0nDmjTjXDsoMIKUFlhDR",
    "title":"Turning Heads",
    "artist":"Boyakaza",
    "artistLink":"https://open.spotify.com/artist/7CwH4lMBbUZGz10FTJodF5",
    "album":"Turning Heads",
    "albumLink":"https://open.spotify.com/album/0KlIEin7WKKRQ0sGHmfFoA",
    "duration":"186"
  }
]